url_path,views_total,views_unique
/Davis-Fan/X-TED,7,7
/Davis-Fan/X-TED/commits/release_code,2,2
/Davis-Fan/X-TED/watchers,2,2
/Davis-Fan/X-TED/tree/github-repo-stats,2,1
/Davis-Fan/X-TED/actions,1,1
/Davis-Fan/X-TED/blob/github-repo-stats/Davis-Fan/X-TED/latest-report/report.pdf,1,1
/Davis-Fan/X-TED/blob/release_code/README.md,1,1
/Davis-Fan/X-TED/commit/1824551e9e522e0c36795ac95a17e8a8d2e8e103,1,1
/Davis-Fan/X-TED/commit/1b90ea71fb36cbfe405523ebb606f613e201ee0d,1,1
/Davis-Fan/X-TED/commit/3f08d980577f5408aa262aac9012489acce82aef,1,1
